id,nombre,apellido,correo,edad,pais,telefono
1,Andrés,Gómez,andres.gomez@email.com,28,Colombia,+57 3001234567
2,María,Pérez,maria.perez@email.com,34,México,+52 5532123456
3,Carlos,Ramírez,carlos.ramirez@email.com,40,Argentina,+54 91123456789
4,Luis,Hernández,luis.hernandez@email.com,25,Perú,+51 987654321
5,Ana,López,ana.lopez@email.com,31,Chile,+56 912345678
6,Juan,Morales,juan.morales@email.com,36,Ecuador,+593 987654321
7,Laura,Martínez,laura.martinez@email.com,29,España,+34 612345678
8,Pedro,Rojas,pedro.rojas@email.com,42,Colombia,+57 3109876543
9,Elena,Fernández,elena.fernandez@email.com,27,Uruguay,+598 91234567
10,Diego,Castro,diego.castro@email.com,33,Bolivia,+591 71234567
